slug	name	category
dywan-pierta-stone-collection-maciej-zien	Dywan Pierta	Dywany
pierta-black-outlet	Dywan Pierta BLACK	Dywany
dywan-statuario-stone-collection-maciej-zien	Dywan Ivory Statuario	Dywany
avg	Fotel Avg	Fotele
komoda-rosto	Komoda Rosto	Komody i komody RTV
szafka-rtv-rosto	Szafka RTV Rosto	Komody i komody RTV
krzeslo-hoya	Krzesło Hoya	Krzesła
aranzacja-sofa-tribeca	Sofa Tribeca	Meble i pozostałe
aranzacja-sofy-herman	Herman	Meble i pozostałe
biurko-archi	Biurko Archi	Meble i pozostałe
jadalnia-stol-axel	Jadalnia – stół AXEL	Meble i pozostałe
mieszkanie-iii-kopia	Jadalnia – stół okrągły Axel	Meble i pozostałe
jadalnia-stol-roskladany-arcos	Jadalnia – stół roskładany Arcos	Meble i pozostałe
konsola-arco	Konsola Arco	Meble i pozostałe
lozko-milan	Łóżko Milan	Meble i pozostałe
lozko-tetris	Łóżko Tetris	Meble i pozostałe
lozko-toska	Łóżko Toska	Meble i pozostałe
przedpokoj	Przedpokój	Meble i pozostałe
rtv-arco	RTV Arco	Meble i pozostałe
salon-naroznik-lusso	Salon – narożnik Lusso	Meble i pozostałe
salon-sofa-classic	Salon – sofa Classic	Meble i pozostałe
salon-sofa-modulo	Salon – sofa Modulo	Meble i pozostałe
salon-sofa-modulowa-sprint	Salon – sofa modułowa Sprint	Meble i pozostałe
sypialnia	Sypialnia	Meble i pozostałe
sypialnia-lozko-floe	Sypialnia – łóżko Floe	Meble i pozostałe
sypialnia-lozko-tetris	Sypialnia – łóżko Tetris	Meble i pozostałe
sypialnia-2	Toska	Meble i pozostałe
szafka-nocna-rosto	Szafka Rosto	Meble i pozostałe
fotel-avangarde-sale	Fotel Avangarde	Outlet
krzeslo-200-190-outlet	Krzesło 200-190	Outlet
sofa-modulowa-module-270	Sofa Modulo 270 x102	Outlet
more-outlet	Lampa More	Oświetlenie
lampa-wiszaca-holar-1	Lampa HOLAR 1	Oświetlenie
home	Lampa Home	Oświetlenie
lampa-wiszaca-pinne	Lampa PINNE	Oświetlenie
lampa-wiszaca-rana-2	Lampa RANA 2	Oświetlenie
lampa-wiszaca-rio	Lampa RIO	Oświetlenie
zyrandol-rio-2	Żyrandol RIO 2	Oświetlenie
naroznik-prestige	Sofa Prestige	Sofy i narożniki
sofa-badu	Sofa Badu	Sofy i narożniki
lusso-naroznik-modulowy	Sofa Lusso	Sofy i narożniki
sofa-bea	Sofa Bea	Sofy i narożniki
sofa-collins	Sofa Collins	Sofy i narożniki
sofa-napo	Sofa Napo	Sofy i narożniki
stolik-io	Stolik IO	Stoliki kawowe
stolik-kawowy-ago	Stolik Ago	Stoliki kawowe
wally	Stolik Wally	Stoliki kawowe
box-oval-stol-do-jadalni	Stół Box oval	Stoły
box-sq	Stół Box SQ	Stoły
oval-80sq	Stół Oval 80sq	Stoły
stol-lup	Stół LUP fi 100 cm	Stoły
stol-ramu	Stół Ramu	Stoły
stol-rozkladany-level-160-240x90	Stół Level 160/240×90	Stoły
