slug	brand	old	new
biurko-big-v	Take Me Home	Big V biurko	Biurko Big V
flux	Szyszka	Flux – biurko drewniane	Biurko Flux
biurko-kai-z-szuflada	Take Me Home	Kai biurko	Biurko Kai
biurko-woodbox	Take Me Home	Woodbox biurko	Biurko Woodbox
biurko-z-kontenerkiem-marcel	Take Me Home	Biurko z kontenerkiem – Marcel	Biurko Z Kontenerkiem
border	LoftDecora	Border 50cr – dekoracja ścienna	Border 50cr
border-80cr-dekoracja-scienna	LoftDecora	Border 80cr – dekoracja ścienna	Border 80cr
andre-grey	Fargotex	Dywan Fargotex ANDRE GREY	Dywan ANDRE GREY
antique-ink	Fargotex	Dywan Fargotex ANTIQUE INK	Dywan ANTIQUE INK
dywan-altay	Fargotex	Dywan Altay Magic Home Fargotex	Dywan Altay
dywan-ana	Fargotex	Dywan Ana Handmade Fargotex	Dywan Ana
dywan-anatolia	Fargotex	Dywan Anatolia Magic Home Fargotex	Dywan Anatolia
dywan-ashiyan	Fargotex	Dywan Fargotex Ashiyan	Dywan Ashiyan
atlantic	Fargotex	Dywan Fargotex Atlantic blue	Dywan Atlantic blue
blanche-pure	Fargotex	Fargotex dywan BLANCHE PURE	Dywan BLANCHE PURE
nowoczesny-dywan-bali-od-fargotex	Fargotex	Fargotex dywan Bali	Dywan Bali
dywan-basel	Fargotex	Fargotex dywan Basel	Dywan Basel
dywan-beto	Fargotex	Fargotex dywan Beto Gray	Dywan Beto Gray
dywan-cube	Fargotex	Dywan Fargotex CUBE GOLDEN	Dywan CUBE GOLDEN
canvas	Fargotex	Fargotex Dywan Canvas Warm Gray	Dywan Canvas Warm Gray
cube-anthracite	Fargotex	Fargotex Dywan Cube Anthracite	Dywan Cube Anthracite
flame-rusty-blue-dywan	Fargotex	Dywan Fargotex FLAME RUSTY BLUE	Dywan FLAME RUSTY BLUE
faro	Fargotex	Dywan Fargotex Faro Charcoal	Dywan Faro Charcoal
dywan-ferry	Fargotex	Dywan Fargotex Ferry Dark Shadow	Dywan Ferry Dark Shadow
galaxy-steel-gray	Fargotex	Dywan Fargotex GALAXY STEEL GRAY	Dywan GALAXY STEEL GRAY
illusion-blue-gray	Fargotex	Dywan Fargotex ILLUSION BLUE GRAY	Dywan ILLUSION BLUE GRAY
ingrid	Fargotex	Dywan Fargotex INGRID Yellow	Dywan INGRID Yellow
ives-warm-blue	Fargotex	Dywan Fargotex IVES WARM BLUE	Dywan IVES WARM BLUE
dywan-statuario-stone-collection-maciej-zien	None	Ivory Statuario	Dywan Ivory Statuario
java-ivory	Fargotex	Dywan Fargotex JAVA IVORY	Dywan JAVA IVORY
bali-dusty-green	Fargotex	Dywan Jungle Fargotex	Dywan Jungle
jungle-green-outlet	Fargotex	Dywan Jungle Green OUTLET	Dywan Jungle Green
laguna-aqua	Fargotex	Dywan Fargotex LAGUNA AQUA	Dywan LAGUNA AQUA
luno-cold-beige	Fargotex	Dywan Fargotex LUNO COLD BEIGE	Dywan LUNO COLD BEIGE
dywan-fargotex-lyon-gray	Fargotex	Dywan Fargotex LYON GRAY	Dywan LYON GRAY
lyon-taupe	Fargotex	Dywan Fargotex Lyon taupe	Dywan Lyon taupe
marlin-indygo	Fargotex	Dywan Fargotex MARLIN Indygo	Dywan MARLIN Indygo
marmara-palette	Fargotex	Dywan Fargotex MARMARA PALETTE	Dywan MARMARA PALETTE
maroc-gray	Fargotex	Dywan Fargotex MAROC GRAY	Dywan MAROC GRAY
maroc-sand	Fargotex	Dywan Fargotex MAROC SAND	Dywan MAROC SAND
metropolis	Fargotex	Dywan Fargotex METROPOLIS Yellow	Dywan METROPOLIS Yellow
dywan-mystic	Fargotex	Dywan Fargotex Mystic Taupe	Dywan Mystic Taupe
porto	Fargotex	Dywan Fargotex PORTO NAVY	Dywan PORTO NAVY
pierta-black-outlet	None	Dywan Pierta BLACK OUTLET	Dywan Pierta BLACK
dywan-quatro	Fargotex	Dywan Fargotex QUATRO GRANITE	Dywan QUATRO GRANITE
rene	Fargotex	Dywan Fargotex RENE Grey	Dywan RENE Grey
rust-copper	Fargotex	Dywan Fargotex RUST COPPER	Dywan RUST COPPER
rust-grey	Fargotex	Dywan Fargotex RUST GREY	Dywan RUST GREY
rustic-beige	Fargotex	Dywan Fargotex RUSTIC BEIGE	Dywan RUSTIC BEIGE
secret-black	Fargotex	Dywan Fargotex SECRET BLACK	Dywan SECRET BLACK
sedef-dune	Fargotex	Dywan Fargotex SEDEF DUNE	Dywan SEDEF DUNE
sedef-sky-blue	Fargotex	Dywan Fargotex SEDEF SKY BLUE	Dywan SEDEF SKY BLUE
siena-ivory-blue	Fargotex	Dywan Fargotex SIENA IVORY BLUE	Dywan SIENA IVORY BLUE
silva-yellow	Fargotex	Dywan Fargotex SILVA YELLOW	Dywan SILVA YELLOW
soil-magic-home	Fargotex	Dywan Fargotex Soil Dark Gray	Dywan Soil Dark Gray
dywan-tere	Fargotex	Dywan Tere Handmade Fargotex	Dywan Tere
urban-outlet	Fargotex	Dywan Urban OUTLET	Dywan Urban
dywan-urban	Fargotex	Dywan Fargotex Urban Gray	Dywan Urban Gray
dywan-vena	Fargotex	Dywan Fargotex Vena Taupe	Dywan Vena Taupe
fotel-alex-outlet	SITS	Fotel Alex – outlet	Fotel Alex
sits-alex	SITS	Fotel Alex SITS – wysokie oparcie  konfiguracja Domokoncept	Fotel Alex
fotel-comforty-altair	Com40 / Comforty	Altair fotel	Fotel Altair
fameg-b-1801-arch	Fameg	Fotel Arch Fameg B-1801	Fotel Arch B-1801
fotel-avangarde-sale	None	Fotel Avangarde – SALE	Fotel Avangarde
fameg-b-1228-apollo	Fameg	Fotel Fameg B-1228 Apollo	Fotel B-1228 Apollo
fameg-b-1403-arcos	Fameg	Fotel Fameg B-1403 Arcos	Fotel B-1403 Arcos
fotel-bj-9816	Fameg	BJ 9816 Bujak Fameg	Fotel BJ 9816 Bujak
fotel-bob	SITS	Fotel bob	Fotel Bob
fotel-comforty-brandy	Com40 / Comforty	Brandy fotel z podnóżkiem Comforty	Fotel Brandy
fotel-collins	Com40 / Comforty	Fotel Collins Comforty	Fotel Collins
fotel-czeslaw	Com40 / Comforty	Fotel Comforty Czesław	Fotel Czesław
fotel-ogrodowy-dahlia-sits	SITS	Fotel ogrodowy Dahlia SITS	Fotel Dahlia
fame-b-0620-fameg	Fameg	Fotel Fameg Fame B-0620	Fotel Fame B-0620
frej-fotel	SITS	Frej Fotel	Fotel Frej
greta-fotel-uszak-sits	SITS	Greta fotel uszak SITS	Fotel Greta uszak
isa-relax	SITS	ISA RELAX	Fotel ISA RELAX
jenny-fotel	SITS	Jenny Fotel	Fotel Jenny
fameg-b-1908-likewise	Fameg	Fotel Fameg Likewise B-1908	Fotel Likewise B-1908
fotel-moris	Com40 / Comforty	Fotel obrotowy Comforty Moris	Fotel Moris
fotel-oyster-comforty-domokoncept	Com40 / Comforty	Fotel Oyster Comforty Domokoncept	Fotel Oyster
fotel-comforty-oyster-lounge-obrotowy	Com40 / Comforty	Fotel Oyster Lounge poducha	Fotel Oyster
oyster-comforty-domokoncept	Com40 / Comforty	Oyster Comforty – Domokoncept	Fotel Oyster
fameg-plum-b-1904	Fameg	Fotel Fameg Plum B-1904	Fotel Plum B-1904
fameg-b-1806-polar	Fameg	Fotel Fameg Polar B-1806	Fotel Polar B-1806
krzeslo-fotel-comforty-polo	Com40 / Comforty	Fotel Polo Comforty	Fotel Polo
fameg-pop-b-1901-2	Fameg	Fotel Fameg Pop B-1901	Fotel Pop B-1901
krzeslo-comforty-ripple-obrotowy-na-nodze	Com40 / Comforty	Ripple – fotel	Fotel Ripple
krzeslo-comforty-ripple-2-obrotowy-na-nodze	Com40 / Comforty	Ripple – nowoczesny fotel	Fotel Ripple
fameg-b-1524-skip	Fameg	Fotel SKIP Fameg B-1524	Fotel SKIP B-1524
fameg-b-1234-shell	Fameg	Fotel Fameg Shell B-1234	Fotel Shell B-1234
fameg-tulip-2-b-9608-1	Fameg	Fotel Fameg Tulip.2 B-9608/1	Fotel Tulip.2 B-9608/1
fotel-uszak	Com40 / Comforty	Fotel uszak	Fotel Uszak
aranzacja-sofy-herman	None	Aranżacja sofy Herman	Herman
fameg-bst-18	Fameg	Hoker 18 Fameg BST-18	Hoker 18 BST-18
fameg-bst-0336	Fameg	Hoker Akka Fameg BST-0336	Hoker Akka BST-0336
hoker-aldo	Paged	Aldo H-1070	Hoker Aldo H-1070
stolek-barowy-tapicerowany-fameg-bst-1412	Fameg	Hoker Alora Fameg  BST-1412	Hoker Alora BST-1412
fameg-bst-1413-amada	Fameg	Hoker Fameg Amada	Hoker Amada
fameg-bst-1403-arcos	Fameg	Hoker FAMEG Arcos BST-1403	Hoker Arcos BST-1403
stolek-barowy-hoker-fameg-bst-1411	Fameg	Hoker Fameg Avola BST-1411	Hoker Avola BST-1411
fameg-b-1803-nopp	Fameg	Hoker Fameg BST Nopp 1803	Hoker BST Nopp 1803
hoker-fameg-bst-0336	Fameg	Hoker Fameg BST-0336	Hoker BST-0336
fameg-bst-1260	Fameg	Hoker Fameg BST-1260	Hoker BST-1260
fameg-bst-225	Fameg	Hoker Fameg BST-225	Hoker BST-225
fameg-bst-5910	Fameg	Hoker FAMEG BST-5910	Hoker BST-5910
bst-8810-1	Fameg	Hoker Fameg BST-8810/1	Hoker BST-8810/1
fameg-bst-8810-2	Fameg	Hoker FAMEG BST-8810/2	Hoker BST-8810/2
fameg-bst-9907-2-bistro	Fameg	Hoker Fameg Bistro 1 BST-9907/2	Hoker Bistro 1 BST-9907/2
bst-1605-cleo-fameg	Fameg	Hoker Fameg Cleo BST-1605	Hoker Cleo BST-1605
hoker-fameg-fan-bst-788	Fameg	Hoker Fameg FAN BST-788	Hoker FAN BST-788
stolek-barowy-drewniany-bst-1609-61	Fameg	Hoker Fameg Finn BST-1609/61	Hoker Finn BST-1609/61
fameg-finn-bst-1609-75	Fameg	Hoker Fameg Finn BST-1609/75	Hoker Finn BST-1609/75
fameg-bst-9449-solid	Fameg	Hoker Fameg  Solid BST-9449	Hoker Solid BST-9449
fameg-bst-9449-1-solid	Fameg	Hoker Fameg Solid BST-9449/1	Hoker Solid BST-9449/1
stolek-barowy-z-tapicerowanym-siedziskiem-fameg-bst-0515-1	Fameg	Hoker Fameg Square BST-0515/1	Hoker Square BST-0515/1
stolek-barowy-tapicerowany-fameg-bst-9608	Fameg	Hoker Fameg Tulip BST-9608	Hoker Tulip BST-9608
stolek-barowy-tapicerowany-fameg-bst-9608-1	Fameg	Hoker Fameg Tulip.2 BST-9608/1	Hoker Tulip.2 BST-9608/1
fameg-bst-9972-61-ufo	Fameg	Hoker Fameg Ufo BST-9972/61	Hoker Ufo BST-9972/61
stolek-barowy-drewniany-fameg-bst-9972-75	Fameg	Hoker Fameg Ufo BST-9972/75	Hoker Ufo BST-9972/75
hoker-h-2920	Paged	Hoker Uxi H-2920 Paged	Hoker Uxi H-2920
fameg-bst-1102-1-wand	Fameg	Hoker Fameg Wand BST-1102/1	Hoker Wand BST-1102/1
aurora-komoda	Take Me Home	aurora komoda	Komoda Aurora
konsola-comforty-anvil-kopia	Com40 / Comforty	Anvil – konsola do salonu	Konsola Anvil
aurora-konsola	Take Me Home	aurora konsola	Konsola Aurora
console	LoftDecora	CONSOLE – konsola	Konsola CONSOLE
konsola-maximo	Take Me Home	Maximo konsola	Konsola Maximo
krzeslo-200-190-outlet	None	Krzesło 200-190 Outlet	Krzesło 200-190
fameg-a-225-2	Fameg	Krzesło 225 Fameg A-225	Krzesło 225 A-225
a-4	Fameg	Krzesło 4 FAMEG A-4	Krzesło 4 A-4
krzeslo-a-1260	Fameg	Krzesło Fameg A-1260	Krzesło A-1260
krzeslo-a-14	Fameg	Krzesło A-14 Fameg	Krzesło A-14
krzeslo-a-16	Fameg	Krzesło A-16 Fameg	Krzesło A-16
fameg-a-165	Fameg	Krzesło Fameg A-165	Krzesło A-165
fameg-a-1802-1-hips	Fameg	Krzesło Fameg A-1802/1 Hips	Krzesło A-1802/1 Hips
krzeslo-lava-a-1807	Fameg	Krzesło Fameg A-1807 Lava	Krzesło A-1807 Lava
fameg-a-1907-pala	Fameg	Krzesło Fameg A-1907 Pala	Krzesło A-1907 Pala
a-5910	Fameg	Krzesło Fameg A-5910 – patyczak	Krzesło A-5910
fameg-a-811	Fameg	Krzesło Fameg A-811	Krzesło A-811
fameg-a-811-1	Fameg	Krzesło Fameg A-811/1	Krzesło A-811/1
fameg-a-8810-1	Fameg	Krzesło FAMEG A-8810/2	Krzesło A-8810/2
fameg-a-18	Fameg	Krzesło A18 Fameg	Krzesło A18
krzeslo-aldo-a-1070	Paged	ALDO A-1070 Paged	Krzesło ALDO A-1070
krzeslo-paged-aires	Paged	Krzesło Aires PAGED	Krzesło Aires
fameg-akka-a-0336	Fameg	Krzesło Fameg Akka A-0336	Krzesło Akka A-0336
krzeslo-a-1412	Fameg	Krzesło Alora Fameg A-1412	Krzesło Alora A-1412
fameg-a-1413-amada	Fameg	Krzesło Fameg Amada A-1413	Krzesło Amada A-1413
apollo-a-1228	Fameg	Krzesło Apollo Fameg A-1228	Krzesło Apollo A-1228
fameg-arcos-a-1403	Fameg	Krzesło FAMEG Arcos A-1403	Krzesło Arcos A-1403
fameg-avola-a-1411	Fameg	Krzesło Avola Fameg A-1411	Krzesło Avola A-1411
fameg-b-811	Fameg	Krzesło Fameg B-811	Krzesło B-811
fameg-b-9-1	Fameg	Krzesło Fameg B-9/1	Krzesło B-9/1
fameg-bistro-a-9907-2	Fameg	Krzesło Bistro Fameg A-9907/2	Krzesło Bistro A-9907/2
fameg-a-1302-chili	Fameg	Krzesło Fameg Chili A-1302	Krzesło Chili A-1302
fameg-a-1604-cleo	Fameg	Krzesło Cleo 1604 Fameg A-1604	Krzesło Cleo 1604 A-1604
fameg-a-1601-cleo	Fameg	Krzesło Cleo Fameg A-1601	Krzesło Cleo A-1601
fameg-a-1603-cleo	Fameg	Krzesło Cleo Fameg A-1603	Krzesło Cleo A-1603
fameg-a-1605-cleo	Fameg	Krzesło Cleo Fameg A-1605	Krzesło Cleo A-1605
fameg-a-1602-cleo-gladkie	Fameg	Krzesło Cleo gładkie Fameg A-1602	Krzesło Cleo gładkie A-1602
fameg-a-423-comfy	Fameg	Krzesło Fameg Comfy A-423	Krzesło Comfy A-423
fameg-b-1404-cosy	Fameg	Krzesło Cosy Fameg B-1404	Krzesło Cosy B-1404
fameg-cube-b-1523	Fameg	Krzesło Cube FAMEG B-1523	Krzesło Cube B-1523
krzeslo-b-2940-evo	Paged	EVO B-2946	Krzesło EVO B-2946
fameg-fan-a-788	Fameg	Krzesło Fameg FAN A-788	Krzesło FAN A-788
fameg-fala-a-1906	Fameg	Krzesło Fameg Fala A-1906	Krzesło Fala A-1906
fameg-fala-b-1906	Fameg	Krzesło Fameg Fala B-1906	Krzesło Fala B-1906
fameg-finn-a-1609	Fameg	Krzesło Finn Fameg A-1609	Krzesło Finn A-1609
fameg-a-1802-hips	Fameg	Krzesło Fameg HIPS A-1802	Krzesło HIPS A-1802
fameg-a-1621-kos	Fameg	Krzesło KOS Fameg A-1621	Krzesło KOS A-1621
fameg-b-1807-lava	Fameg	Krzesło LAVA Fameg B-1807	Krzesło LAVA B-1807
krzeslo-link-a-2120	Paged	LINK B-2120	Krzesło LINK B-2120
krzeslo-paged-a-4234-lof	Paged	krzesło LOF A-4234	Krzesło LOF A-4234
lof-a-4234-paged-tapicerowane	Paged	LOF A-4234 – krzesło tapicerowane	Krzesło LOF A-4234
lof-a-4238-paged-tapicerowane	Paged	LOF A-4238 – krzesło tapicerowane	Krzesło LOF A-4238
lof-a-4238-tapicerowane	Paged	LOF A-4238 tapicerowane	Krzesło LOF A-4238 tapicerowane
lof-a-4281-paged-tapicerowane	Paged	LOF A-4281	Krzesło LOF A-4281
a-4282-lof-tapicerowane	Paged	LOF A-4282	Krzesło LOF A-4282
krzeslo-drewniane-fameg-a-1405-lennox-tapicerowane	Fameg	Krzesło Fameg Lennox A-1405	Krzesło Lennox A-1405
m-tuk-paged-najlepsza-cena	Paged	M Big -TUK – krzesło tapicerowane	Krzesło M Big -TUK
fotel-comforty-marco	Com40 / Comforty	Marco Comforty	Krzesło Marco
fameg-a-1803-nopp	Fameg	Krzesło Fameg Nopp A-1803	Krzesło Nopp A-1803
fameg-b-1803-nopp-3	Fameg	Krzesło Fameg Nopp B-1803	Krzesło Nopp B-1803
fameg-b-1803-nopp-2	Fameg	Krzesło Fameg Nopp B-1803/1	Krzesło Nopp B-1803/1
piko	Szyszka	Piko – krzesło drewniane	Krzesło Piko
fameg-pop-a-1901-dab	Fameg	Krzesło Fameg Pop A-1901	Krzesło Pop A-1901
fameg-a-9349-puppy	Fameg	Krzesło Fameg Puppy A-9349	Krzesło Puppy A-9349
rm58-soft-na-nogach-stalowych	Vzor	RM58 Soft na nogach stalowych	Krzesło RM58 Soft na nogach stalowych
krzeslo-ripple	Com40 / Comforty	Krzesło Ripple Comforty nogi tapicerowane	Krzesło Ripple
krzeslo-comforty-ripple-obrotowy-na-kolkach	Com40 / Comforty	Ripple obrotowy na kółkach	Krzesło Ripple na kółkach
fameg-a-9449-solid	Fameg	Krzesło Solid Fameg A-9449	Krzesło Solid A-9449
krzeslo-a-9449-1	Fameg	Krzesło Fameg Solid A-9449/1	Krzesło Solid A-9449/1
fameg-b-9449-1-solid	Fameg	Krzesło Solid Fameg B-9449/1	Krzesło Solid B-9449/1
krzeslo-fameg-a-0537-stick	Fameg	Krzesło Fameg Stick A-0537	Krzesło Stick A-0537
sudoku-b-9820-tapicerowane	Paged	Sudoku B-9820	Krzesło Sudoku B-9820
fameg-a-9608-tulip-1	Fameg	Krzesło Fameg Tulip.1 A-9608	Krzesło Tulip.1 A-9608
fameg-b-9608-tulip-1	Fameg	Krzesło Fameg Tulip.1 B-9608	Krzesło Tulip.1 B-9608
fameg-a-9608-1-tulip-2	Fameg	Krzesło Fameg Tulip.2 A-9608/1	Krzesło Tulip.2 A-9608/1
krzeslo-b-tuk-3	Paged	Krzesło UXI B-2920 Paged	Krzesło UXI B-2920
fameg-a-1505-uma	Fameg	Krzesło Uma Fameg A-1505	Krzesło Uma A-1505
fameg-a-1102-1-wand	Fameg	Krzesło Wand Fameg A-1102/1	Krzesło Wand A-1102/1
fameg-b-1102-1-wand	Fameg	Krzesło Fameg Wand B-1102/1	Krzesło Wand B-1102/1
hoker-prop-h-4390	Paged	Krzesło barowe PROP H-4390 Paged	Krzesło barowe PROP H-4390
kwadrat	LoftDecora	Kwadrat – stoper do książek	Kwadrat
lampa-wiszaca-holar-1	None	Lampa wisząca HOLAR 1	Lampa HOLAR 1
home	None	Lampa wisząca Home	Lampa Home
more-outlet	None	Lampa More Outlet	Lampa More
lampa-wiszaca-pinne	None	Lampa wisząca PINNE	Lampa PINNE
lampa-wiszaca-rana-2	None	Lampa wisząca RANA 2	Lampa RANA 2
lampa-wiszaca-rio	None	Lampa wisząca RIO	Lampa RIO
fotel-comforty-oyster-podnozek	Com40 / Comforty	Oyster podnóżek	Podnóżek Oyster
pufa-comforty-brandy	Com40 / Comforty	Pufa Brandy Comforty	Pufa Brandy
pufa-collins	Com40 / Comforty	Pufa Comforty Collins	Pufa Collins
pufa-ufa	Doki	UFA – nowoczesna pufa do salonu	Pufa UFA
pol-owal	LoftDecora	PÓŁ-OWAL – stoper do książek	PÓŁ-OWAL
puzi	LoftDecora	Puzi półka wisząca	Półka Puzi
regal-a-symetric	Take Me Home	A-Symetric regał	Regał A-Symetric
regal-anvil	Com40 / Comforty	Regał Comforty Anvil	Regał Anvil
regal-boxer	Take Me Home	Boxer regał	Regał Boxer
boxer-regal-2-0	Take Me Home	Boxer regał 2.0	Regał Boxer 2.0
boxer-regal-2-0-poziomy	Take Me Home	Boxer regał 2.0 poziomy	Regał Boxer 2.0 poziomy
boxer-regal-2-0-typ-1	Take Me Home	Boxer regał 2.0 typ.1	Regał Boxer 2.0 typ.1
drawer-box	LoftDecora	Drawer Box – regał	Regał Drawer Box
grop	LoftDecora	Grop I – regał loftowy	Regał Grop I
grop-ii	LoftDecora	Grop II – regał loftowy	Regał Grop II
grop-iii	LoftDecora	Grop III – regał loftowy	Regał Grop III
grop-iv	LoftDecora	Grop IV – regał loftowy	Regał Grop IV
grop-v	LoftDecora	Grop V – regał loftowy	Regał Grop V
grop-vi	LoftDecora	Grop VI – regał loftowy	Regał Grop VI
inteligo-regal	Take Me Home	Inteligo regał	Regał Inteligo
regal-ladder	Take Me Home	Ladder regał	Regał Ladder
regal-motivo-duzy	Take Me Home	Motivo regał	Regał Motivo
open-box	LoftDecora	Open Box – regał modułowy	Regał Open Box
shelf-box	LoftDecora	Shelf Box – regał	Regał Shelf Box
ripple-comforty-outlet	Com40 / Comforty	Ripple Comforty Outlet	Ripple
rybitwa-doki	Doki	Rybitwa – nowoczesna figurka	Rybitwa
konsola-nowoczesna-skinny-xl	Take Me Home	Skinny XL z szufladą	Skinny XL
konsola-nowoczesna-skinny-xl-z-szuflada-z-polka	Take Me Home	Skinny XL z szufladą i półką	Skinny XL i półką
sofa-alpine-vilmers-domokoncept	Vilmers	Sofa Alpine Vilmers – Domokoncept	Sofa Alpine
sofa-alps-vilmers-domokoncept	Vilmers	Sofa Alps Vilmers – Domokoncept	Sofa Alps
sofa-altera-vilmers	Vilmers	Sofa Altera Vilmers	Sofa Altera
sofa-alvar-vilmers-domokoncept	Vilmers	Sofa Alvar Vilmers – Domokoncept	Sofa Alvar
annie	SITS	Annie	Sofa Annie
sofa-annie-narozna	SITS	Sofa Annie Narożna	Sofa Annie
sofa-aspen-vilmers-domokoncept	Vilmers	Sofa Aspen Vilmers – Domokoncept	Sofa Aspen
belle-sofa-modulowa	Flexlux	Sofa Belle Flexlux – Ikona Stylu Modern Classic	Sofa Belle
bianka-sofa-modulowa-sits	SITS	Bianka sofa modułowa SITS	Sofa Bianka
sofa-billow-vilmers-domokoncept	Vilmers	Sofa Billow Vilmers – Domokoncept	Sofa Billow
sofa-bluemary-vilmers	Vilmers	Sofa Bluemary Vilmers	Sofa Bluemary
bolzano-sofa-modulowa	Flexlux	Bolzano sofa modułowa	Sofa Bolzano
boo-sofa	Com40 / Comforty	Sofa Boo z funkcją spania	Sofa Boo
sofa-narozna-brandon	SITS	Brandon SITS – Modułowa Sofa Premium | Konfiguracja w Domokoncept	Sofa Brandon
brandon	SITS	Brandon Sofa	Sofa Brandon
sofa-brera-vilmers-domokoncept	Vilmers	Sofa Brera Vilmers – Domokoncept	Sofa Brera
britt-sofa-na-nozkach	SITS	Britt sofa na nóżkach	Sofa Britt
sofa-modulowa-britt-naroznik-britt-sits	SITS	Sofa modułowa Britt / Narożnik Britt SITS	Sofa Britt / Britt
sofa-burrow-vilmers-domokoncept	Vilmers	Sofa Burrow Vilmers – Domokoncept	Sofa Burrow
chopin	Com40 / Comforty	Sofa Comforty Chopin	Sofa Chopin
sofa_classic_comforty	Com40 / Comforty	Sofa Classic Comforty – Domokoncept	Sofa Classic
cleo-sofa-modulowa-sits	SITS	Cleo sofa modułowa SITS	Sofa Cleo
colin-sofa-z-funkcja-spania-sits	SITS	Colin sofa z funkcją spania SITS	Sofa Colin
cortona-sofa-modulowa	Flexlux	Cortona sofa modułowa	Sofa Cortona
sofa-czeslaw	Com40 / Comforty	Sofa Comforty Czesław	Sofa Czesław
sofa-ogrodowa-dahlia-sits	SITS	Sofa ogrodowa Dahlia SITS	Sofa Dahlia
domino-sofa-modulowa-sits	SITS	Domino sofa modułowa SITS	Sofa Domino
sofa-comforty-duo	Com40 / Comforty	Duo – sofa z funkcją spania	Sofa Duo
sofa-narozna-edda	SITS	Sofa narożna Edda	Sofa Edda
elis	SITS	Elis	Sofa Elis
elis-sofa-modulowa-sits	SITS	Elis sofa modułowa SITS	Sofa Elis
elton-naroznik	SITS	Elton narożnik	Sofa Elton
elton-sofa	SITS	Elton Sofa	Sofa Elton
felix-sofa-rozkladana	SITS	Felix sofa z funkcją spania – sofa rozkładana	Sofa Felix
sofa-floating	Com40 / Comforty	Sofa Comforty Floating	Sofa Floating
flynn-sofa-modulowa-sits	SITS	Flynn Sofa modułowa SITS	Sofa Flynn
frances-sofa-rozkladana	SITS	Frances sofa rozkładana	Sofa Frances
frej-sofa	SITS	Frej Sofa	Sofa Frej
frej-sofa-narozna	SITS	Frej Sofa narożna	Sofa Frej
sofa-frej-naroznik	SITS	Sofa Frej narożnik	Sofa Frej
glow-sofa-modulowa	Flexlux	Glow sofa modułowa	Sofa Glow
sofa-grid-comforty-domokoncept	Com40 / Comforty	Sofa Grid Comforty – Domokoncept	Sofa Grid
sofa-hazel-vilmers-domokoncept	Vilmers	Sofa Hazel Vilmers – Domokoncept	Sofa Hazel
sofa-rozkladana-henry	SITS	Henry sofa z funkcją spania – sofa rozkładana	Sofa Henry
impulse-sofa-narozna	SITS	Impulse sofa narożna	Sofa Impulse
jenny	SITS	Jenny SITS – Sofa Skandynawska | konfiguracja, próbki w Domokoncept	Sofa Jenny
sofa-jenny-narozna	SITS	Sofa Jenny narożna	Sofa Jenny
sofa-jenny-z-otomana	SITS	Sofa Jenny z otomaną	Sofa Jenny
sofa-julia-narozna	SITS	Sofa Julia  narożna	Sofa Julia
julia-sofa-modulowa-sits	SITS	Sofa Julia sofa modułowa SITS	Sofa Julia
sofa-larvik-vilmers-domokoncept	Vilmers	Sofa Larvik Vilmers – Domokoncept	Sofa Larvik
liam-sofa-modulowa-sits	SITS	Liam sofa modułowa SITS	Sofa Liam
lill	SITS	Lill sofa	Sofa Lill
linnea-sofa-narozna	SITS	Linnea sofa narożna	Sofa Linnea
lucera-sofa-modulowa	Flexlux	Lucera sofa modułowa	Sofa Lucera
lukas-sofa-z-funkcja-spania-sits	SITS	Lukas sofa z funkcją spania SITS	Sofa Lukas
lusso-naroznik-modulowy	None	Lusso narożnik modułowy	Sofa Lusso
moa-sofa-modulowa-sits	SITS	Sofa MOA SITS	Sofa MOA
sofa-mark	Com40 / Comforty	Sofa Comforty Mark	Sofa Mark
melfi-sofa-modulowa	Flexlux	Melfi sofa modułowa	Sofa Melfi
milano-sofa-modulowa-sits	SITS	Milano sofa modułowa SITS	Sofa Milano
moa	SITS	Moa	Sofa Moa
sofa-moa-naroznik	SITS	sofa Moa narożnik	Sofa Moa
sofa-modulowa-module-270	None	Sofa modułowa Modulo 270 x102	Sofa Modulo 270 x102
sofa-molino-flexlux-domokoncept	Flexlux	Sofa Molino Flexlux – Domokoncept	Sofa Molino
sofa-molino-flexlux-280-x-253-cm	Flexlux	Sofa Molino Flexlux ~280 x 253 cm	Sofa Molino ~280 x 253 cm
mynta-sofa-sits	SITS	Mynta sofa SITS	Sofa Mynta
sofa-napo	None	Sofa modułowa Napo	Sofa Napo
new-york-sofa-modulowa-sits	SITS	New York sofa modułowa SITS	Sofa New York
sofa-nordic-vilmers-domokoncept	Vilmers	Sofa Nordic Vilmers – Domokoncept	Sofa Nordic
nova-sofa-modulowa-sits	SITS	Nova sofa modułowa SITS	Sofa Nova
pufa-comforty-palafitte	Com40 / Comforty	Sofa Palafitte Comforty	Sofa Palafitte
perta-sofa-modulowa-sits	SITS	Perta sofa modułowa SITS	Sofa Perta
salino-sofa-modulowa	Flexlux	Salino sofa modułowa	Sofa Salino
sofa-spring-vilmers-domokoncept	Vilmers	Sofa Spring Vilmers – Domokoncept	Sofa Spring
stina-sofa-z-funkcja-spania-sits	SITS	Stina sofa z funkcją spania SITS	Sofa Stina
aranzacja-sofa-tribeca	None	Aranżacja Sofa Tribeca	Sofa Tribeca
sofa-comforty-tutu	Com40 / Comforty	Sofa Tutu Comforty	Sofa Tutu
voluzzi-sofa-modulowa	Flexlux	Sofa Voluzzi Flexlux	Sofa Voluzzi
sofa-zulu	Com40 / Comforty	Sofa młodzieżowa Comforty Zulu	Sofa Zulu
stolik-kawowy-ago	None	Stolik kawowy Ago	Stolik Ago
stolik-amsterdam	Take Me Home	Amsterdam stolik kawowy	Stolik Amsterdam
stolik-kawowy-comforty-anvil-2	Com40 / Comforty	Anvil stolik do salonu	Stolik Anvil
stolik-kawowy-comforty-anvil	Com40 / Comforty	Anvil stolik kawowy	Stolik Anvil
stolik-arsen	Take Me Home	Arsen stolik nocny	Stolik Arsen nocny
casual-stolik-kawowy-sits	SITS	Casual stolik kawowy SITS	Stolik Casual
cave-fi-65	LoftDecora	Cave fi 65	Stolik Cave fi 65
cave-fi90	LoftDecora	Cave fi 90	Stolik Cave fi 90
stolik-kawowy-comforty-circus	Com40 / Comforty	Circus – stolik kawowy	Stolik Circus
cube-100	LoftDecora	Cube 100 – stolik loftowy	Stolik Cube 100
cube-80	LoftDecora	Cube 80 – stolik loftowy	Stolik Cube 80
stolik-goodnight	Take Me Home	Goodnight stolik nocny z półką	Stolik Goodnight nocny z półką
stolik-little-iteat	LoftDecora	Iteat little	Stolik Iteat little
latte-3	Doki	Latte 3 – stolik kawowy	Stolik Latte 3
stolik-little-black-2	LoftDecora	Little Black stolik kawowy	Stolik Little Black
love-stolik-kawowy-sits	SITS	Love stolik kawowy SITS	Stolik Love
peak-stolik-kawowy-proj-pawlakstawarski	LoftDecora	Stolik kawowy PEAK COFFEE NISKI	Stolik PEAK COFFEE NISKI
stolik-kawowy-peak-coffee-niski-fi70	LoftDecora	Stolik kawowy PEAK COFFEE NISKI fi70	Stolik PEAK COFFEE NISKI fi70
stolik-kawowy-peak-coffee-wysoki-fi44-h60	LoftDecora	Stolik kawowy PEAK COFFEE wysoki fi44 H60	Stolik PEAK COFFEE wysoki fi44 H60
stolik-palafitte	Com40 / Comforty	Stolik kawowy Comforty Palafitte	Stolik Palafitte
stolik-poly	Com40 / Comforty	Stolik kawowy Comforty Poly	Stolik Poly
stolik-little-rude	LoftDecora	Rude Little stolik kawowy	Stolik Rude Little
fameg-stk-1908-likewise	Fameg	Stolik Fameg STK-1908 Likewise	Stolik STK-1908 Likewise
stolik-salto	Take Me Home	Salto stolik kawowy	Stolik Salto
stoliki-uomo	LoftDecora	Stoliki Uomo 2w1	Stolik Stoliki Uomo 2w1
tetris-stolik-kawowy	SITS	Tetris stolik kawowy	Stolik Tetris
stolik-walk	LoftDecora	Walk fi 60	Stolik Walk fi 60
wally	None	Wally – stolik kawowy	Stolik Wally
wave	LoftDecora	Stolik kawowy Wave	Stolik Wave
fameg-st-1403-arcos	Fameg	Stół rozkładany Fameg Arcos ST-1403	Stół Arcos ST-1403
barmi	LoftDecora	Barmi	Stół Barmi
stol-black	LoftDecora	Black 140 – stół loftowy	Stół Black 140
black-160	LoftDecora	Black 160 – stół loftowy	Stół Black 160
black-180	LoftDecora	Black 180 – stół loftowy	Stół Black 180
black-200	LoftDecora	Black 200 – stół loftowy	Stół Black 200
box-sq	None	Box SQ – stół do jadalni	Stół Box SQ
box-oval-stol-do-jadalni	None	Box oval – stół do jadalni	Stół Box oval
stol-drewniany-chamfer	Selfia	CHAMFER stół rozkładany	Stół CHAMFER
chamfer-stol-drewniany	Selfia	CHAMFER stół drewniany	Stół CHAMFER
stol-drewniany-chamfer-140-200x80	Selfia	Stół drewniany CHAMFER 140-200×80	Stół CHAMFER 140-200×80
stol-drewniany-stol-drewniany-chamfe	Selfia	Stół drewniany CHAMFER 140×80	Stół CHAMFER 140×80
stol-drewniany-chamfer-160-220x90	Selfia	Stół drewniany CHAMFER 160-220×90	Stół CHAMFER 160-220×90
stol-drewniany-chamfer-160x90	Selfia	Stół drewniany CHAMFER 160×90	Stół CHAMFER 160×90
stol-drewniany-chamfer-180-250x90	Selfia	Stół drewniany CHAMFER 180-250×90	Stół CHAMFER 180-250×90
stol-drewniany-chamfer-180x90	Selfia	Stół drewniany CHAMFER 180×90	Stół CHAMFER 180×90
stol-drewniany-chamfer-200-290-x-100	Selfia	Stół drewniany CHAMFER 200-290 x 100	Stół CHAMFER 200-290 x 100
stol-drewniany-chamfer-200x100	Selfia	Stół drewniany CHAMFER 200×100	Stół CHAMFER 200×100
stol-drewniany-chamfer-220-310-x-100	Selfia	Stół drewniany CHAMFER 220-310 x 100	Stół CHAMFER 220-310 x 100
cave-fi-110	LoftDecora	Cave fi 110	Stół Cave fi 110
coftu-fi60-stolik-kawiarniany	LoftDecora	Coftu fi60	Stół Coftu fi60
stol-restauracyjny-cross	LoftDecora	Cross 80	Stół Cross 80
fino-stol-do-jadalni	Take Me Home	Fino stół do jadalni	Stół Fino
stol-restauracyjny-flat	LoftDecora	Flat stół restauracyjny	Stół Flat
oval-140-loftdecora	LoftDecora	Flat 140 – stół restauracyjny	Stół Flat 140
stol-iteat	LoftDecora	Iteat 120 stół loftowy	Stół Iteat 120
stol-iteat-rozkladany-140-200	LoftDecora	Iteat 140/200 stół rozkładany	Stół Iteat 140/200
iteat-160	LoftDecora	Iteat 160 – stół loftowy	Stół Iteat 160
iteat-180	LoftDecora	Iteat 180 – stół loftowy	Stół Iteat 180
kamerton	LoftDecora	Kamerton	Stół Kamerton
level-stol-drewniany	Selfia	LEVEL stół drewniany	Stół LEVEL
level-stol-rozkladany	Selfia	LEVEL stół rozkładany	Stół LEVEL
fameg-st-1405-lennox	Fameg	Stół Fameg Lennox ST-1405	Stół Lennox ST-1405
stol-drewniany-level	Selfia	Stół drewniany Level 140×80	Stół Level 140×80
stol-rozkladany-level-160-240x90	None	Stół rozkładany Level 160/240×90	Stół Level 160/240×90
stol-drewniany-level-160x90	Selfia	Stół drewniany Level 160×90	Stół Level 160×90
stol-rozkladany-level-180-260x90	Selfia	Stół rozkładany Level 180/260×90	Stół Level 180/260×90
stol-drewniany-level-180x90	Selfia	Stół drewniany Level 180×90	Stół Level 180×90
stol-rozkladany-level-200-300x100	Selfia	Stół rozkładany Level 200/300×100	Stół Level 200/300×100
stol-drewniany-level-200x100	Selfia	Stół drewniany Level 200×100	Stół Level 200×100
stol-rozkladany-level-220-320x100	Selfia	Stół rozkładany Level 220/320×100	Stół Level 220/320×100
stol-drewniany-level-240x100	Selfia	Stół drewniany Level 240×100	Stół Level 240×100
fameg-st-1275-ilow	Fameg	Stół Fameg Llow ST-1275	Stół Llow ST-1275
stol-rozkladany-modern-215-345	Selfia	Stół rozkładany Modern 215/345	Stół Modern 215/345
modern-215x100	Selfia	Modern 215×100	Stół Modern 215×100
stol-rozkladany-modern-280-410	Selfia	Stół rozkładany Modern 280/410	Stół Modern 280/410
modern-280x110	Selfia	Modern 280×110	Stół Modern 280×110
stol-rozkladany-modern-340-470	Selfia	Stół rozkładany Modern 340/470	Stół Modern 340/470
modern-340x110	Selfia	Modern 340×110	Stół Modern 340×110
stol-modern-classic-rozkladany	Take Me Home	Modern Classic – stół rozkładany	Stół Modern Classic
stol-modern-classic	Take Me Home	Modern Classic stół	Stół Modern Classic
oval-80sq	None	Oval 80sq – stół restauracyjny	Stół Oval 80sq
peak-wysoki-fi60-h75-stol-restauracyjny	LoftDecora	PEAK wysoki fi60 H75 -stół restauracyjny	Stół PEAK wysoki fi60 H75
prince-stol-jadalniany-120x80	Selfia	Prince stół jadalniany 120×80	Stół Prince 120×80
prince-stol-jadalniany-rozkladany-160-240x90	Selfia	Prince stół jadalniany rozkładany 160/240×90	Stół Prince 160/240×90
prince-stol-jadalniany-rozkladany-160-250x90	Selfia	Prince stół jadalniany rozkładany 160/250×90	Stół Prince 160/250×90
prince-stol-jadalniany-160x90	Selfia	Prince stół jadalniany 160×90	Stół Prince 160×90
prince-stol-jadalniany-rozkladany-180-260x90	Selfia	Prince stół jadalniany rozkładany 180/260×90	Stół Prince 180/260×90
prince-stol-jadalniany-rozkladany-180-275x90	Selfia	Prince stół jadalniany rozkładany 180/275×90	Stół Prince 180/275×90
prince-stol-jadalniany-180x80	Selfia	Prince stół jadalniany 180×90	Stół Prince 180×90
prince-stol-jadalniany-rozkladany-200-295x100	Selfia	Prince stół jadalniany rozkładany 200/295×100 Synchro	Stół Prince 200/295×100 Synchro
prince-stol-jadalniany-200x100	Selfia	Prince stół jadalniany 200×100	Stół Prince 200×100
prince-stol-do-jadalni	Selfia	Prins stół do jadalni	Stół Prins
prins-stol-rozkladany-do-jadalni	Selfia	Prins stół rozkładany do jadalni	Stół Prins
stol-ramu	None	Stół ramu	Stół Ramu
stol-rozkladany-fameg-riva-st-1612-dab	Fameg	Stół Fameg Riva ST-1612	Stół Riva ST-1612
rude-120	LoftDecora	Rude 120 – stół loftowy	Stół Rude 120
rude-140	LoftDecora	Rude 140 – stół loftowy	Stół Rude 140
rude-180	LoftDecora	Rude 160 – stół loftowy	Stół Rude 160
rude-180-stol-loftowy-kopia	LoftDecora	Rude 180 – stół loftowy	Stół Rude 180
rude-200	LoftDecora	Rude 200 – stół loftowy	Stół Rude 200
stol-rude-scandi	LoftDecora	Rude Scandi	Stół Rude Scandi
solid-stol-jadalniany	Selfia	SOLID stół do jadalni	Stół SOLID
solid-stol-rozkladany-do-jadalni	Selfia	SOLID stół rozkładany do jadalni	Stół SOLID
solid-stol-jadalniany-rozkladany-160-260	Selfia	SOLID stół jadalniany rozkładany 160/260	Stół SOLID 160/260
solid-stol-jadalniany-160-90	Selfia	SOLID stół jadalniany 160/90	Stół SOLID 160/90
solid-stol-jadalniany-rozkladany-200-300	Selfia	SOLID stół jadalniany rozkładany 200/300	Stół SOLID 200/300
solid-stol-jadalniany-200x100	Selfia	SOLID stół jadalniany 200×100	Stół SOLID 200×100
solid-stol-jadalniany-rozkladany-220-320	Selfia	SOLID stół jadalniany rozkładany 220/320	Stół SOLID 220/320
solid-stol-jadalniany-240x100	Selfia	SOLID stół jadalniany 240×100	Stół SOLID 240×100
fameg-st-1703-senales-2	Fameg	Stół Fameg Senales ST-1703	Stół Senales ST-1703
stol-simplico	Take Me Home	Simplico stół	Stół Simplico
fameg-st-1606-teba	Fameg	Stół Fameg Teba ST-1606	Stół Teba ST-1606
stol-toscano	Fameg	Stół Toscano	Stół Toscano
stol-toscano-rozkladany	Fameg	Stół Toscano rozkładany	Stół Toscano
stol-okragly-rozkladany-scold-fi-110-170	Selfia	Stół okrągły rozkładany SCOLD fi 110/170	Stół okrągły SCOLD fi 110/170
stol-okragly-rozkladany-scold-fi-140-220	Selfia	Stół okrągły rozkładany SCOLD fi 140/220	Stół okrągły SCOLD fi 140/220
kiko-szafka-nocna	Szyszka	Kiko szafka nocna	Szafka Kiko
szafka-ltv	LoftDecora	Ltv 120 szafka	Szafka Ltv 120
ltv-180	LoftDecora	Ltv 180 – szafka	Szafka Ltv 180
stolik-moonlight	Take Me Home	Moonlight szafka nocna	Szafka Moonlight
aurora-szafka-rtv	Take Me Home	aurora Szafka RTV	Szafka RTV Aurora
ltv-225	LoftDecora	LTV 225 – szafka RTV	Szafka RTV LTV 225
szafka-nocna-rosto	None	Szafka nocna Rosto	Szafka Rosto
hoker-miam-taboret	LoftDecora	Miam taboret	Taboret Miam
miam-taboret-tapicerowany	LoftDecora	Miam taboret tapicerowany	Taboret Miam tapicerowany
ldesk-30	LoftDecora	L’DESK 30 – drewniana tacka	Tacka L’DESK 30
ldesk-set	LoftDecora	L’DESK SET – drewniana tacka	Tacka L’DESK SET
sypialnia-2	None	Sypialnia Toska	Toska
trojka	LoftDecora	Trójkąt – stoper do książek	Trójkąt
tstand	LoftDecora	Tstand – stojak wolnostojący	Tstand
hang	LoftDecora	Hang – wieszak łazienkowy	Wieszak Hang
wieszak-clubber	Take Me Home	Klubowicz nowoczesny wieszak	Wieszak Klubowicz
shadow-wieszak	Doki	Shadow – nowoczesny wieszak	Wieszak Shadow
single-shift	LoftDecora	Single shift – wieszak	Wieszak Single shift
wieszak-mr-cosy-z-polka	Take Me Home	Wieszak wygodny z półką	Wieszak Wygodny Z Półką
stolik-maximo	Take Me Home	Maximo ława skandynawska	Ława Maximo skandynawska
lawka	Doki	Meso – ławka do salonu	Ławka Meso
lozko-flus-szyszka	Szyszka	Flux – łóżko drewniane	Łóżko Flux
